[{"pk": 28, "model": "contenttypes.contenttype", "fields": {"model": "action", "name": "action", "app_label": "forum"}}, {"pk": 29, "model": "contenttypes.contenttype", "fields": {"model": "actionrepute", "name": "action repute", "app_label": "forum"}}, {"pk": 38, "model": "contenttypes.contenttype", "fields": {"model": "answer", "name": "answer", "app_label": "forum"}}, {"pk": 14, "model": "contenttypes.contenttype", "fields": {"model": "authkeyuserassociation", "name": "auth key user association", "app_label": "forum"}}, {"pk": 34, "model": "contenttypes.contenttype", "fields": {"model": "award", "name": "award", "app_label": "forum"}}, {"pk": 33, "model": "contenttypes.contenttype", "fields": {"model": "badge", "name": "badge", "app_label": "forum"}}, {"pk": 39, "model": "contenttypes.contenttype", "fields": {"model": "comment", "name": "comment", "app_label": "forum"}}, {"pk": 5, "model": "contenttypes.contenttype", "fields": {"model": "contenttype", "name": "content type", "app_label": "contenttypes"}}, {"pk": 23, "model": "contenttypes.contenttype", "fields": {"model": "contest", "name": "contest", "app_label": "forum"}}, {"pk": 24, "model": "contenttypes.contenttype", "fields": {"model": "contestparticipant", "name": "contest participant", "app_label": "forum"}}, {"pk": 22, "model": "contenttypes.contenttype", "fields": {"model": "election", "name": "election", "app_label": "forum"}}, {"pk": 32, "model": "contenttypes.contenttype", "fields": {"model": "flag", "name": "flag", "app_label": "forum"}}, {"pk": 2, "model": "contenttypes.contenttype", "fields": {"model": "group", "name": "group", "app_label": "auth"}}, {"pk": 9, "model": "contenttypes.contenttype", "fields": {"model": "keyvalue", "name": "key value", "app_label": "forum"}}, {"pk": 8, "model": "contenttypes.contenttype", "fields": {"model": "logentry", "name": "log entry", "app_label": "admin"}}, {"pk": 17, "model": "contenttypes.contenttype", "fields": {"model": "maker", "name": "maker", "app_label": "forum"}}, {"pk": 16, "model": "contenttypes.contenttype", "fields": {"model": "markedtag", "name": "marked tag", "app_label": "forum"}}, {"pk": 4, "model": "contenttypes.contenttype", "fields": {"model": "message", "name": "message", "app_label": "auth"}}, {"pk": 20, "model": "contenttypes.contenttype", "fields": {"model": "ministry", "name": "ministry", "app_label": "forum"}}, {"pk": 25, "model": "contenttypes.contenttype", "fields": {"model": "node", "name": "node", "app_label": "forum"}}, {"pk": 26, "model": "contenttypes.contenttype", "fields": {"model": "noderevision", "name": "node revision", "app_label": "forum"}}, {"pk": 27, "model": "contenttypes.contenttype", "fields": {"model": "nodestate", "name": "node state", "app_label": "forum"}}, {"pk": 36, "model": "contenttypes.contenttype", "fields": {"model": "openidassociation", "name": "open id association", "app_label": "forum"}}, {"pk": 35, "model": "contenttypes.contenttype", "fields": {"model": "openidnonce", "name": "open id nonce", "app_label": "forum"}}, {"pk": 40, "model": "contenttypes.contenttype", "fields": {"model": "page", "name": "page", "app_label": "forum"}}, {"pk": 18, "model": "contenttypes.contenttype", "fields": {"model": "party", "name": "party", "app_label": "forum"}}, {"pk": 21, "model": "contenttypes.contenttype", "fields": {"model": "partymember", "name": "party member", "app_label": "forum"}}, {"pk": 1, "model": "contenttypes.contenttype", "fields": {"model": "permission", "name": "permission", "app_label": "auth"}}, {"pk": 19, "model": "contenttypes.contenttype", "fields": {"model": "politician", "name": "politician", "app_label": "forum"}}, {"pk": 37, "model": "contenttypes.contenttype", "fields": {"model": "question", "name": "question", "app_label": "forum"}}, {"pk": 30, "model": "contenttypes.contenttype", "fields": {"model": "questionsubscription", "name": "question subscription", "app_label": "forum"}}, {"pk": 6, "model": "contenttypes.contenttype", "fields": {"model": "session", "name": "session", "app_label": "sessions"}}, {"pk": 7, "model": "contenttypes.contenttype", "fields": {"model": "site", "name": "site", "app_label": "sites"}}, {"pk": 12, "model": "contenttypes.contenttype", "fields": {"model": "subscriptionsettings", "name": "subscription settings", "app_label": "forum"}}, {"pk": 15, "model": "contenttypes.contenttype", "fields": {"model": "tag", "name": "tag", "app_label": "forum"}}, {"pk": 3, "model": "contenttypes.contenttype", "fields": {"model": "user", "name": "user", "app_label": "auth"}}, {"pk": 10, "model": "contenttypes.contenttype", "fields": {"model": "user", "name": "user", "app_label": "forum"}}, {"pk": 11, "model": "contenttypes.contenttype", "fields": {"model": "userproperty", "name": "user property", "app_label": "forum"}}, {"pk": 13, "model": "contenttypes.contenttype", "fields": {"model": "validationhash", "name": "validation hash", "app_label": "forum"}}, {"pk": 31, "model": "contenttypes.contenttype", "fields": {"model": "vote", "name": "vote", "app_label": "forum"}}, {"pk": "c866c4c621a03a547f1fcd04f6f861c8", "model": "sessions.session", "fields": {"expire_date": "2011-01-22 19:05:03", "session_data": "gAJ9cQEoVQ1fYXV0aF91c2VyX2lkcQKKAQJVFWxhc3Rfc2Vlbl9pbl9xdWVzdGlvbnEDfXEEigEC\nY2RhdGV0aW1lCmRhdGV0aW1lCnEFVQoH2wEIEwUDA0vAhVJxBnNVGHBhZ2luYXRvcl9RVUVTVElP\nTlNfTElTVHEHfXEIVRJfYXV0aF91c2VyX2JhY2tlbmRxCVUpZGphbmdvLmNvbnRyaWIuYXV0aC5i\nYWNrZW5kcy5Nb2RlbEJhY2tlbmRxClUNb25fc2lnbmluX3VybHELVRdodHRwOi8vdmF1Z2hhbi1w\nYzo4MDAwL3EMVQxncmVldGluZ19zZXRxDYh1LjQ0Y2RjODk3MzZjNzA4N2VhMWQyM2UyYzAwM2E5\nNTIz\n"}}, {"pk": "fed15219aaac29ef1914f5d21833b8f8", "model": "sessions.session", "fields": {"expire_date": "2011-01-22 19:04:10", "session_data": "gAJ9cQEoVQ1fYXV0aF91c2VyX2lkcQKKAQFVE2ZvcmNlX2VtYWlsX3JlcXVlc3RxA4hVFWxhc3Rf\nc2Vlbl9pbl9xdWVzdGlvbnEEfXEFigEBY2RhdGV0aW1lCmRhdGV0aW1lCnEGVQoH2wEIEwQCBEHY\nhVJxB3NVGHBhZ2luYXRvcl9RVUVTVElPTlNfTElTVHEIfXEJVRJfYXV0aF91c2VyX2JhY2tlbmRx\nClUpZGphbmdvLmNvbnRyaWIuYXV0aC5iYWNrZW5kcy5Nb2RlbEJhY2tlbmRxC1UNb25fc2lnbmlu\nX3VybHEMVS1odHRwOi8vMTI3LjAuMC4xOjgwMDAvYWNjb3VudC9sb2NhbC9yZWdpc3Rlci9xDVUM\nZ3JlZXRpbmdfc2V0cQ6IdS5hZTM3MTNhODBlMDgzNWVjNDc3MDRiNTQ5ZmVhMmJmNg==\n"}}, {"pk": 1, "model": "sites.site", "fields": {"domain": "example.com", "name": "example.com"}}, {"pk": 2, "model": "admin.logentry", "fields": {"action_flag": 1, "action_time": "2011-01-08 19:04:49", "object_repr": "julia gillard", "object_id": "1", "change_message": "", "user": 1, "content_type": 19}}, {"pk": 1, "model": "admin.logentry", "fields": {"action_flag": 1, "action_time": "2011-01-08 19:04:48", "object_repr": "Australian Labor Party", "object_id": "1", "change_message": "", "user": 1, "content_type": 18}}, {"pk": 1, "model": "forum.keyvalue", "fields": {"value": "eJzTSNEDAAFxALs=", "key": "STATIC_PAGE_REGISTRY"}}, {"pk": 2, "model": "forum.keyvalue", "fields": {"value": "T[str]", "key": "WORDPRESS_API_KEY"}}, {"pk": 3, "model": "forum.keyvalue", "fields": {"value": 10, "key": "FORM_MIN_QUESTION_BODY"}}, {"pk": 4, "model": "forum.keyvalue", "fields": {"value": 10, "key": "FORM_MIN_QUESTION_TITLE"}}, {"pk": 5, "model": "forum.keyvalue", "fields": {"value": 20, "key": "FORM_MAX_LENGTH_OF_TAG"}}, {"pk": 6, "model": "forum.keyvalue", "fields": {"value": 1, "key": "FORM_MIN_LENGTH_OF_TAG"}}, {"pk": 7, "model": "forum.keyvalue", "fields": {"value": false, "key": "LIMIT_TAG_CREATION"}}, {"pk": 8, "model": "forum.keyvalue", "fields": {"value": 250, "key": "REP_TO_CLOSE_OWN"}}, {"pk": 9, "model": "forum.keyvalue", "fields": {"value": false, "key": "USERS_CAN_ACCEPT_OWN"}}, {"pk": 2, "model": "forum.userproperty", "fields": {"value": "eJzTSCkw5ApWd/QLDncNivfxDA5R5yow4tJIKTDmKg5WDw12DQqGCZuAhE1hwvGoesxAkuYgSUcXX0+/+CBXZ1e/kHhH5xDPMM+QSKAKC5AKS7j2wFDX4BBPfz+YAYYGIHlDQ5ACmBzcakOwkwyBbtIDAPyMMF0=", "user": 2, "key": "pagination"}}, {"pk": 1, "model": "forum.userproperty", "fields": {"value": "eJzTSCkw5ApWd/QLDncNivfxDA5R5yow4tJIKTDmKg5WDw12DQqGCZuAhE1hwvGoesxAkuYgSUcXX0+/+CBXZ1e/kHhH5xDPMM+QSKAKC5AKS7j2wFDX4BBPfz+YAYYGIHlDQ5ACmBzcakOwkwyBbtIDAPyMMF0=", "user": 1, "key": "pagination"}}, {"pk": 1, "model": "forum.subscriptionsettings", "fields": {"questions_asked": true, "questions_viewed": false, "notify_comments": false, "new_question": "n", "all_questions": false, "new_question_watched_tags": "i", "questions_answered": true, "notify_comments_own_post": true, "questions_commented": false, "subscribed_questions": "i", "notify_reply_to_comments": true, "member_joins": "n", "user": 1, "notify_answers": true, "enable_notifications": false, "all_questions_watched_tags": false, "send_digest": true, "notify_accepted": false}}, {"pk": 2, "model": "forum.subscriptionsettings", "fields": {"questions_asked": true, "questions_viewed": false, "notify_comments": false, "new_question": "n", "all_questions": false, "new_question_watched_tags": "i", "questions_answered": true, "notify_comments_own_post": true, "questions_commented": false, "subscribed_questions": "i", "notify_reply_to_comments": true, "member_joins": "n", "user": 2, "notify_answers": true, "enable_notifications": false, "all_questions_watched_tags": false, "send_digest": true, "notify_accepted": false}}, {"pk": 1, "model": "forum.validationhash", "fields": {"user": 1, "seed": "v5ZRwdqIS9Eg", "type": "email", "hash_code": "77dbf6be5e2f14a392b7c73fecee8171", "expiration": "2011-01-09 19:02:37"}}, {"pk": 2, "model": "forum.validationhash", "fields": {"user": 2, "seed": "qDUpuOhvA9wZ", "type": "email", "hash_code": "514d456b8345a785d83bf5388a67070a", "expiration": "2011-01-09 19:03:29"}}, {"pk": 1, "model": "forum.tag", "fields": {"name": "cat", "created_by": 2, "used_count": 1}}, {"pk": 2, "model": "forum.tag", "fields": {"name": "xxxxxxxxxxxxxx", "created_by": 1, "used_count": 1}}, {"pk": 1, "model": "forum.maker", "fields": {"name": "julia gillard"}}, {"pk": 1, "model": "forum.party", "fields": {"region": "Australia", "level": "Federal", "name": "Australian Labor Party", "short_name": "Labor", "abbreviated_name": "ALP"}}, {"pk": 1, "model": "forum.politician", "fields": {"party": 1}}, {"pk": 1, "model": "forum.node", "fields": {"status": "promise_broken", "extra": null, "abs_parent": 1, "marked": false, "sources": "ccccccccccccccccccccccc", "node_type": "answer", "active_revision": 1, "date_promised": null, "extra_count": 0, "last_activity_by": 1, "author": 1, "score": 0, "state_string": "", "body": "bbbbbbbbbbbbbbbbbbbbbbbb", "extra_ref": null, "parent": 1, "tags": [], "last_edited": null, "last_activity_at": "2011-01-08 19:04:04", "tagnames": "", "title": "aaaaaaaaaaaaaaaaaaaaaa", "added_at": "2011-01-08 19:04:04", "maker": null}}, {"pk": 2, "model": "forum.node", "fields": {"status": "", "extra": null, "abs_parent": null, "marked": false, "sources": "ffdgdfgffbfbsdfsdfssdvdvdvsgsgsgsdfdsfdsggfesd", "node_type": "question", "active_revision": 2, "date_promised": "2011-01-08", "extra_count": 3, "last_activity_by": 2, "author": 2, "score": 0, "state_string": "", "body": "cleo the cat", "extra_ref": null, "parent": null, "tags": [1], "last_edited": null, "last_activity_at": "2011-01-08 19:06:19", "tagnames": "cat", "title": "Does Cleo rule the cat world", "added_at": "2011-01-08 19:05:02", "maker": 1}}, {"pk": 3, "model": "forum.node", "fields": {"status": "", "extra": null, "abs_parent": null, "marked": false, "sources": "xxxxxxxxxxxxxxxxxxxxxxxxxxxxx", "node_type": "question", "active_revision": 3, "date_promised": "2010-12-18", "extra_count": 4, "last_activity_by": 1, "author": 1, "score": 0, "state_string": "", "body": "xxxxxxxxxxxxxxxxxxxxxxxxxxxx", "extra_ref": null, "parent": null, "tags": [2], "last_edited": null, "last_activity_at": "2011-01-08 19:05:19", "tagnames": "xxxxxxxxxxxxxx", "title": "abcxxxxxxxxxxxxxxxxxxxxx1", "added_at": "2011-01-08 19:05:09", "maker": 1}}, {"pk": 4, "model": "forum.node", "fields": {"status": "promise_broken", "extra": null, "abs_parent": 3, "marked": false, "sources": "ccccccccccccccccccccccc", "node_type": "answer", "active_revision": 4, "date_promised": null, "extra_count": 0, "last_activity_by": 1, "author": 1, "score": 0, "state_string": "", "body": "bbbbbbbbbbbbbbbbbbbbbbbb", "extra_ref": null, "parent": 3, "tags": [], "last_edited": null, "last_activity_at": "2011-01-08 19:05:19", "tagnames": "", "title": "aaaaaaaaaaaaaaaaaaaaaa", "added_at": "2011-01-08 19:05:19", "maker": null}}, {"pk": 5, "model": "forum.node", "fields": {"status": "promise_broken", "extra": null, "abs_parent": 2, "marked": false, "sources": "eefgvtgtgd a th th rtgfgfgfg frte", "node_type": "answer", "active_revision": 5, "date_promised": null, "extra_count": 0, "last_activity_by": 2, "author": 2, "score": 0, "state_string": "", "body": "sfefjlefj efj efheif jiei feijwpeo rdlkfeoprj jfdg werfdg", "extra_ref": null, "parent": 2, "tags": [], "last_edited": null, "last_activity_at": "2011-01-08 19:05:41", "tagnames": "", "title": "not the world as we know it", "added_at": "2011-01-08 19:05:41", "maker": null}}, {"pk": 6, "model": "forum.node", "fields": {"status": "promise_kept", "extra": null, "abs_parent": 2, "marked": false, "sources": "fse  grggr essfg yjyth ed f gt rr rtzezdgth", "node_type": "answer", "active_revision": 6, "date_promised": null, "extra_count": 0, "last_activity_by": 2, "author": 2, "score": 0, "state_string": "", "body": "afldf sndgl fng nlf nhfhf uehhfjbf ohf dfkhf eoh dhdufere", "extra_ref": null, "parent": 2, "tags": [], "last_edited": null, "last_activity_at": "2011-01-08 19:06:19", "tagnames": "", "title": "well yes she does now", "added_at": "2011-01-08 19:06:19", "maker": null}}, {"pk": 1, "model": "forum.noderevision", "fields": {"body": "bbbbbbbbbbbbbbbbbbbbbbbb", "status": "promise_broken", "node": 1, "author": 1, "tagnames": "", "title": "aaaaaaaaaaaaaaaaaaaaaa", "revised_at": "2011-01-08 19:04:04", "summary": "", "sources": "ccccccccccccccccccccccc", "date_promised": null, "maker": null, "revision": 1}}, {"pk": 2, "model": "forum.noderevision", "fields": {"body": "cleo the cat", "status": "", "node": 2, "author": 2, "tagnames": "cat", "title": "Does Cleo rule the cat world", "revised_at": "2011-01-08 19:05:02", "summary": "", "sources": "ffdgdfgffbfbsdfsdfssdvdvdvsgsgsgsdfdsfdsggfesd", "date_promised": "2011-01-08", "maker": 1, "revision": 1}}, {"pk": 3, "model": "forum.noderevision", "fields": {"body": "xxxxxxxxxxxxxxxxxxxxxxxxxxxx", "status": "", "node": 3, "author": 1, "tagnames": "xxxxxxxxxxxxxx", "title": "abcxxxxxxxxxxxxxxxxxxxxx1", "revised_at": "2011-01-08 19:05:09", "summary": "", "sources": "xxxxxxxxxxxxxxxxxxxxxxxxxxxxx", "date_promised": "2010-12-18", "maker": 1, "revision": 1}}, {"pk": 4, "model": "forum.noderevision", "fields": {"body": "bbbbbbbbbbbbbbbbbbbbbbbb", "status": "promise_broken", "node": 4, "author": 1, "tagnames": "", "title": "aaaaaaaaaaaaaaaaaaaaaa", "revised_at": "2011-01-08 19:05:19", "summary": "", "sources": "ccccccccccccccccccccccc", "date_promised": null, "maker": null, "revision": 1}}, {"pk": 5, "model": "forum.noderevision", "fields": {"body": "sfefjlefj efj efheif jiei feijwpeo rdlkfeoprj jfdg werfdg", "status": "promise_broken", "node": 5, "author": 2, "tagnames": "", "title": "not the world as we know it", "revised_at": "2011-01-08 19:05:41", "summary": "", "sources": "eefgvtgtgd a th th rtgfgfgfg frte", "date_promised": null, "maker": null, "revision": 1}}, {"pk": 6, "model": "forum.noderevision", "fields": {"body": "afldf sndgl fng nlf nhfhf uehhfjbf ohf dfkhf eoh dhdufere", "status": "promise_kept", "node": 6, "author": 2, "tagnames": "", "title": "well yes she does now", "revised_at": "2011-01-08 19:06:19", "summary": "", "sources": "fse  grggr essfg yjyth ed f gt rr rtzezdgth", "date_promised": null, "maker": null, "revision": 1}}, {"pk": 1, "model": "forum.action", "fields": {"node": null, "canceled_ip": "", "extra": null, "canceled_by": null, "ip": "127.0.0.1", "canceled": false, "action_date": "2011-01-08 19:02:37", "user": 1, "action_type": "userjoins", "canceled_at": null, "real_user": null}}, {"pk": 2, "model": "forum.action", "fields": {"node": null, "canceled_ip": "", "extra": null, "canceled_by": null, "ip": "192.168.1.195", "canceled": false, "action_date": "2011-01-08 19:03:29", "user": 2, "action_type": "userjoins", "canceled_at": null, "real_user": null}}, {"pk": 3, "model": "forum.action", "fields": {"node": 1, "canceled_ip": "", "extra": null, "canceled_by": null, "ip": "127.0.0.1", "canceled": false, "action_date": "2011-01-08 19:04:04", "user": 1, "action_type": "answer", "canceled_at": null, "real_user": null}}, {"pk": 4, "model": "forum.action", "fields": {"node": 2, "canceled_ip": "", "extra": null, "canceled_by": null, "ip": "192.168.1.195", "canceled": false, "action_date": "2011-01-08 19:05:02", "user": 2, "action_type": "ask", "canceled_at": null, "real_user": null}}, {"pk": 5, "model": "forum.action", "fields": {"node": 3, "canceled_ip": "", "extra": null, "canceled_by": null, "ip": "127.0.0.1", "canceled": false, "action_date": "2011-01-08 19:05:09", "user": 1, "action_type": "ask", "canceled_at": null, "real_user": null}}, {"pk": 6, "model": "forum.action", "fields": {"node": 4, "canceled_ip": "", "extra": null, "canceled_by": null, "ip": "127.0.0.1", "canceled": false, "action_date": "2011-01-08 19:05:19", "user": 1, "action_type": "answer", "canceled_at": null, "real_user": null}}, {"pk": 7, "model": "forum.action", "fields": {"node": 5, "canceled_ip": "", "extra": null, "canceled_by": null, "ip": "192.168.1.195", "canceled": false, "action_date": "2011-01-08 19:05:41", "user": 2, "action_type": "answer", "canceled_at": null, "real_user": null}}, {"pk": 8, "model": "forum.action", "fields": {"node": 6, "canceled_ip": "", "extra": null, "canceled_by": null, "ip": "192.168.1.195", "canceled": false, "action_date": "2011-01-08 19:06:19", "user": 2, "action_type": "answer", "canceled_at": null, "real_user": null}}, {"pk": 1, "model": "forum.actionrepute", "fields": {"action": 1, "date": "2011-01-08 19:02:37", "by_canceled": false, "user": 1, "value": 1}}, {"pk": 2, "model": "forum.actionrepute", "fields": {"action": 2, "date": "2011-01-08 19:03:29", "by_canceled": false, "user": 2, "value": 1}}, {"pk": 1, "model": "forum.questionsubscription", "fields": {"last_view": "2011-01-08 19:02:14", "auto_subscription": true, "question": 1, "user": 1}}, {"pk": 2, "model": "forum.questionsubscription", "fields": {"last_view": "2011-01-08 19:06:19", "auto_subscription": true, "question": 2, "user": 2}}, {"pk": 3, "model": "forum.questionsubscription", "fields": {"last_view": "2011-01-08 19:05:20", "auto_subscription": true, "question": 3, "user": 1}}, {"pk": 1, "model": "forum.badge", "fields": {"awarded_count": 0, "type": 3, "cls": "PopularQuestion"}}, {"pk": 2, "model": "forum.badge", "fields": {"awarded_count": 0, "type": 2, "cls": "NotableQuestion"}}, {"pk": 3, "model": "forum.badge", "fields": {"awarded_count": 0, "type": 1, "cls": "FamousQuestion"}}, {"pk": 4, "model": "forum.badge", "fields": {"awarded_count": 0, "type": 3, "cls": "NiceQuestion"}}, {"pk": 5, "model": "forum.badge", "fields": {"awarded_count": 0, "type": 2, "cls": "GoodQuestion"}}, {"pk": 6, "model": "forum.badge", "fields": {"awarded_count": 0, "type": 1, "cls": "GreatQuestion"}}, {"pk": 7, "model": "forum.badge", "fields": {"awarded_count": 0, "type": 3, "cls": "NiceAnswer"}}, {"pk": 8, "model": "forum.badge", "fields": {"awarded_count": 0, "type": 2, "cls": "GoodAnswer"}}, {"pk": 9, "model": "forum.badge", "fields": {"awarded_count": 0, "type": 1, "cls": "GreatAnswer"}}, {"pk": 10, "model": "forum.badge", "fields": {"awarded_count": 0, "type": 2, "cls": "FavoriteQuestion"}}, {"pk": 11, "model": "forum.badge", "fields": {"awarded_count": 0, "type": 1, "cls": "StellarQuestion"}}, {"pk": 12, "model": "forum.badge", "fields": {"awarded_count": 0, "type": 3, "cls": "Disciplined"}}, {"pk": 13, "model": "forum.badge", "fields": {"awarded_count": 0, "type": 3, "cls": "PeerPressure"}}, {"pk": 14, "model": "forum.badge", "fields": {"awarded_count": 0, "type": 3, "cls": "Critic"}}, {"pk": 15, "model": "forum.badge", "fields": {"awarded_count": 0, "type": 3, "cls": "Supporter"}}, {"pk": 16, "model": "forum.badge", "fields": {"awarded_count": 0, "type": 3, "cls": "CitizenPatrol"}}, {"pk": 17, "model": "forum.badge", "fields": {"awarded_count": 0, "type": 3, "cls": "Organizer"}}, {"pk": 18, "model": "forum.badge", "fields": {"awarded_count": 0, "type": 3, "cls": "Editor"}}, {"pk": 19, "model": "forum.badge", "fields": {"awarded_count": 0, "type": 3, "cls": "Scholar"}}, {"pk": 20, "model": "forum.badge", "fields": {"awarded_count": 0, "type": 3, "cls": "Cleanup"}}, {"pk": 21, "model": "forum.badge", "fields": {"awarded_count": 0, "type": 3, "cls": "Autobiographer"}}, {"pk": 22, "model": "forum.badge", "fields": {"awarded_count": 0, "type": 2, "cls": "CivicDuty"}}, {"pk": 23, "model": "forum.badge", "fields": {"awarded_count": 0, "type": 3, "cls": "Pundit"}}, {"pk": 24, "model": "forum.badge", "fields": {"awarded_count": 0, "type": 3, "cls": "SelfLearner"}}, {"pk": 25, "model": "forum.badge", "fields": {"awarded_count": 0, "type": 2, "cls": "StrunkAndWhite"}}, {"pk": 26, "model": "forum.badge", "fields": {"awarded_count": 0, "type": 3, "cls": "Student"}}, {"pk": 27, "model": "forum.badge", "fields": {"awarded_count": 0, "type": 3, "cls": "Teacher"}}, {"pk": 28, "model": "forum.badge", "fields": {"awarded_count": 0, "type": 2, "cls": "Enlightened"}}, {"pk": 29, "model": "forum.badge", "fields": {"awarded_count": 0, "type": 2, "cls": "Guru"}}, {"pk": 30, "model": "forum.badge", "fields": {"awarded_count": 0, "type": 2, "cls": "Necromancer"}}, {"pk": 31, "model": "forum.badge", "fields": {"awarded_count": 0, "type": 2, "cls": "Taxonomist"}}, {"pk": 22, "model": "auth.permission", "fields": {"codename": "add_logentry", "name": "Can add log entry", "content_type": 8}}, {"pk": 23, "model": "auth.permission", "fields": {"codename": "change_logentry", "name": "Can change log entry", "content_type": 8}}, {"pk": 24, "model": "auth.permission", "fields": {"codename": "delete_logentry", "name": "Can delete log entry", "content_type": 8}}, {"pk": 4, "model": "auth.permission", "fields": {"codename": "add_group", "name": "Can add group", "content_type": 2}}, {"pk": 5, "model": "auth.permission", "fields": {"codename": "change_group", "name": "Can change group", "content_type": 2}}, {"pk": 6, "model": "auth.permission", "fields": {"codename": "delete_group", "name": "Can delete group", "content_type": 2}}, {"pk": 10, "model": "auth.permission", "fields": {"codename": "add_message", "name": "Can add message", "content_type": 4}}, {"pk": 11, "model": "auth.permission", "fields": {"codename": "change_message", "name": "Can change message", "content_type": 4}}, {"pk": 12, "model": "auth.permission", "fields": {"codename": "delete_message", "name": "Can delete message", "content_type": 4}}, {"pk": 1, "model": "auth.permission", "fields": {"codename": "add_permission", "name": "Can add permission", "content_type": 1}}, {"pk": 2, "model": "auth.permission", "fields": {"codename": "change_permission", "name": "Can change permission", "content_type": 1}}, {"pk": 3, "model": "auth.permission", "fields": {"codename": "delete_permission", "name": "Can delete permission", "content_type": 1}}, {"pk": 7, "model": "auth.permission", "fields": {"codename": "add_user", "name": "Can add user", "content_type": 3}}, {"pk": 8, "model": "auth.permission", "fields": {"codename": "change_user", "name": "Can change user", "content_type": 3}}, {"pk": 9, "model": "auth.permission", "fields": {"codename": "delete_user", "name": "Can delete user", "content_type": 3}}, {"pk": 13, "model": "auth.permission", "fields": {"codename": "add_contenttype", "name": "Can add content type", "content_type": 5}}, {"pk": 14, "model": "auth.permission", "fields": {"codename": "change_contenttype", "name": "Can change content type", "content_type": 5}}, {"pk": 15, "model": "auth.permission", "fields": {"codename": "delete_contenttype", "name": "Can delete content type", "content_type": 5}}, {"pk": 82, "model": "auth.permission", "fields": {"codename": "add_action", "name": "Can add action", "content_type": 28}}, {"pk": 83, "model": "auth.permission", "fields": {"codename": "change_action", "name": "Can change action", "content_type": 28}}, {"pk": 84, "model": "auth.permission", "fields": {"codename": "delete_action", "name": "Can delete action", "content_type": 28}}, {"pk": 85, "model": "auth.permission", "fields": {"codename": "add_actionrepute", "name": "Can add action repute", "content_type": 29}}, {"pk": 86, "model": "auth.permission", "fields": {"codename": "change_actionrepute", "name": "Can change action repute", "content_type": 29}}, {"pk": 87, "model": "auth.permission", "fields": {"codename": "delete_actionrepute", "name": "Can delete action repute", "content_type": 29}}, {"pk": 40, "model": "auth.permission", "fields": {"codename": "add_authkeyuserassociation", "name": "Can add auth key user association", "content_type": 14}}, {"pk": 41, "model": "auth.permission", "fields": {"codename": "change_authkeyuserassociation", "name": "Can change auth key user association", "content_type": 14}}, {"pk": 42, "model": "auth.permission", "fields": {"codename": "delete_authkeyuserassociation", "name": "Can delete auth key user association", "content_type": 14}}, {"pk": 109, "model": "auth.permission", "fields": {"codename": "add_award", "name": "Can add award", "content_type": 34}}, {"pk": 110, "model": "auth.permission", "fields": {"codename": "change_award", "name": "Can change award", "content_type": 34}}, {"pk": 111, "model": "auth.permission", "fields": {"codename": "delete_award", "name": "Can delete award", "content_type": 34}}, {"pk": 106, "model": "auth.permission", "fields": {"codename": "add_badge", "name": "Can add badge", "content_type": 33}}, {"pk": 107, "model": "auth.permission", "fields": {"codename": "change_badge", "name": "Can change badge", "content_type": 33}}, {"pk": 108, "model": "auth.permission", "fields": {"codename": "delete_badge", "name": "Can delete badge", "content_type": 33}}, {"pk": 67, "model": "auth.permission", "fields": {"codename": "add_contest", "name": "Can add contest", "content_type": 23}}, {"pk": 68, "model": "auth.permission", "fields": {"codename": "change_contest", "name": "Can change contest", "content_type": 23}}, {"pk": 69, "model": "auth.permission", "fields": {"codename": "delete_contest", "name": "Can delete contest", "content_type": 23}}, {"pk": 70, "model": "auth.permission", "fields": {"codename": "add_contestparticipant", "name": "Can add contest participant", "content_type": 24}}, {"pk": 71, "model": "auth.permission", "fields": {"codename": "change_contestparticipant", "name": "Can change contest participant", "content_type": 24}}, {"pk": 72, "model": "auth.permission", "fields": {"codename": "delete_contestparticipant", "name": "Can delete contest participant", "content_type": 24}}, {"pk": 64, "model": "auth.permission", "fields": {"codename": "add_election", "name": "Can add election", "content_type": 22}}, {"pk": 65, "model": "auth.permission", "fields": {"codename": "change_election", "name": "Can change election", "content_type": 22}}, {"pk": 66, "model": "auth.permission", "fields": {"codename": "delete_election", "name": "Can delete election", "content_type": 22}}, {"pk": 103, "model": "auth.permission", "fields": {"codename": "add_flag", "name": "Can add flag", "content_type": 32}}, {"pk": 104, "model": "auth.permission", "fields": {"codename": "change_flag", "name": "Can change flag", "content_type": 32}}, {"pk": 105, "model": "auth.permission", "fields": {"codename": "delete_flag", "name": "Can delete flag", "content_type": 32}}, {"pk": 25, "model": "auth.permission", "fields": {"codename": "add_keyvalue", "name": "Can add key value", "content_type": 9}}, {"pk": 26, "model": "auth.permission", "fields": {"codename": "change_keyvalue", "name": "Can change key value", "content_type": 9}}, {"pk": 27, "model": "auth.permission", "fields": {"codename": "delete_keyvalue", "name": "Can delete key value", "content_type": 9}}, {"pk": 49, "model": "auth.permission", "fields": {"codename": "add_maker", "name": "Can add maker", "content_type": 17}}, {"pk": 50, "model": "auth.permission", "fields": {"codename": "change_maker", "name": "Can change maker", "content_type": 17}}, {"pk": 51, "model": "auth.permission", "fields": {"codename": "delete_maker", "name": "Can delete maker", "content_type": 17}}, {"pk": 46, "model": "auth.permission", "fields": {"codename": "add_markedtag", "name": "Can add marked tag", "content_type": 16}}, {"pk": 47, "model": "auth.permission", "fields": {"codename": "change_markedtag", "name": "Can change marked tag", "content_type": 16}}, {"pk": 48, "model": "auth.permission", "fields": {"codename": "delete_markedtag", "name": "Can delete marked tag", "content_type": 16}}, {"pk": 58, "model": "auth.permission", "fields": {"codename": "add_ministry", "name": "Can add ministry", "content_type": 20}}, {"pk": 59, "model": "auth.permission", "fields": {"codename": "change_ministry", "name": "Can change ministry", "content_type": 20}}, {"pk": 60, "model": "auth.permission", "fields": {"codename": "delete_ministry", "name": "Can delete ministry", "content_type": 20}}, {"pk": 94, "model": "auth.permission", "fields": {"codename": "add_answer", "name": "Can add answer", "content_type": 25}}, {"pk": 97, "model": "auth.permission", "fields": {"codename": "add_comment", "name": "Can add comment", "content_type": 25}}, {"pk": 73, "model": "auth.permission", "fields": {"codename": "add_node", "name": "Can add node", "content_type": 25}}, {"pk": 112, "model": "auth.permission", "fields": {"codename": "add_page", "name": "Can add page", "content_type": 25}}, {"pk": 88, "model": "auth.permission", "fields": {"codename": "add_question", "name": "Can add question", "content_type": 25}}, {"pk": 95, "model": "auth.permission", "fields": {"codename": "change_answer", "name": "Can change answer", "content_type": 25}}, {"pk": 98, "model": "auth.permission", "fields": {"codename": "change_comment", "name": "Can change comment", "content_type": 25}}, {"pk": 74, "model": "auth.permission", "fields": {"codename": "change_node", "name": "Can change node", "content_type": 25}}, {"pk": 113, "model": "auth.permission", "fields": {"codename": "change_page", "name": "Can change page", "content_type": 25}}, {"pk": 89, "model": "auth.permission", "fields": {"codename": "change_question", "name": "Can change question", "content_type": 25}}, {"pk": 96, "model": "auth.permission", "fields": {"codename": "delete_answer", "name": "Can delete answer", "content_type": 25}}, {"pk": 99, "model": "auth.permission", "fields": {"codename": "delete_comment", "name": "Can delete comment", "content_type": 25}}, {"pk": 75, "model": "auth.permission", "fields": {"codename": "delete_node", "name": "Can delete node", "content_type": 25}}, {"pk": 114, "model": "auth.permission", "fields": {"codename": "delete_page", "name": "Can delete page", "content_type": 25}}, {"pk": 90, "model": "auth.permission", "fields": {"codename": "delete_question", "name": "Can delete question", "content_type": 25}}, {"pk": 76, "model": "auth.permission", "fields": {"codename": "add_noderevision", "name": "Can add node revision", "content_type": 26}}, {"pk": 77, "model": "auth.permission", "fields": {"codename": "change_noderevision", "name": "Can change node revision", "content_type": 26}}, {"pk": 78, "model": "auth.permission", "fields": {"codename": "delete_noderevision", "name": "Can delete node revision", "content_type": 26}}, {"pk": 79, "model": "auth.permission", "fields": {"codename": "add_nodestate", "name": "Can add node state", "content_type": 27}}, {"pk": 80, "model": "auth.permission", "fields": {"codename": "change_nodestate", "name": "Can change node state", "content_type": 27}}, {"pk": 81, "model": "auth.permission", "fields": {"codename": "delete_nodestate", "name": "Can delete node state", "content_type": 27}}, {"pk": 118, "model": "auth.permission", "fields": {"codename": "add_openidassociation", "name": "Can add open id association", "content_type": 36}}, {"pk": 119, "model": "auth.permission", "fields": {"codename": "change_openidassociation", "name": "Can change open id association", "content_type": 36}}, {"pk": 120, "model": "auth.permission", "fields": {"codename": "delete_openidassociation", "name": "Can delete open id association", "content_type": 36}}, {"pk": 115, "model": "auth.permission", "fields": {"codename": "add_openidnonce", "name": "Can add open id nonce", "content_type": 35}}, {"pk": 116, "model": "auth.permission", "fields": {"codename": "change_openidnonce", "name": "Can change open id nonce", "content_type": 35}}, {"pk": 117, "model": "auth.permission", "fields": {"codename": "delete_openidnonce", "name": "Can delete open id nonce", "content_type": 35}}, {"pk": 52, "model": "auth.permission", "fields": {"codename": "add_party", "name": "Can add party", "content_type": 18}}, {"pk": 53, "model": "auth.permission", "fields": {"codename": "change_party", "name": "Can change party", "content_type": 18}}, {"pk": 54, "model": "auth.permission", "fields": {"codename": "delete_party", "name": "Can delete party", "content_type": 18}}, {"pk": 61, "model": "auth.permission", "fields": {"codename": "add_partymember", "name": "Can add party member", "content_type": 21}}, {"pk": 62, "model": "auth.permission", "fields": {"codename": "change_partymember", "name": "Can change party member", "content_type": 21}}, {"pk": 63, "model": "auth.permission", "fields": {"codename": "delete_partymember", "name": "Can delete party member", "content_type": 21}}, {"pk": 55, "model": "auth.permission", "fields": {"codename": "add_politician", "name": "Can add politician", "content_type": 19}}, {"pk": 56, "model": "auth.permission", "fields": {"codename": "change_politician", "name": "Can change politician", "content_type": 19}}, {"pk": 57, "model": "auth.permission", "fields": {"codename": "delete_politician", "name": "Can delete politician", "content_type": 19}}, {"pk": 91, "model": "auth.permission", "fields": {"codename": "add_questionsubscription", "name": "Can add question subscription", "content_type": 30}}, {"pk": 92, "model": "auth.permission", "fields": {"codename": "change_questionsubscription", "name": "Can change question subscription", "content_type": 30}}, {"pk": 93, "model": "auth.permission", "fields": {"codename": "delete_questionsubscription", "name": "Can delete question subscription", "content_type": 30}}, {"pk": 34, "model": "auth.permission", "fields": {"codename": "add_subscriptionsettings", "name": "Can add subscription settings", "content_type": 12}}, {"pk": 35, "model": "auth.permission", "fields": {"codename": "change_subscriptionsettings", "name": "Can change subscription settings", "content_type": 12}}, {"pk": 36, "model": "auth.permission", "fields": {"codename": "delete_subscriptionsettings", "name": "Can delete subscription settings", "content_type": 12}}, {"pk": 43, "model": "auth.permission", "fields": {"codename": "add_tag", "name": "Can add tag", "content_type": 15}}, {"pk": 44, "model": "auth.permission", "fields": {"codename": "change_tag", "name": "Can change tag", "content_type": 15}}, {"pk": 45, "model": "auth.permission", "fields": {"codename": "delete_tag", "name": "Can delete tag", "content_type": 15}}, {"pk": 28, "model": "auth.permission", "fields": {"codename": "add_user", "name": "Can add user", "content_type": 10}}, {"pk": 29, "model": "auth.permission", "fields": {"codename": "change_user", "name": "Can change user", "content_type": 10}}, {"pk": 30, "model": "auth.permission", "fields": {"codename": "delete_user", "name": "Can delete user", "content_type": 10}}, {"pk": 31, "model": "auth.permission", "fields": {"codename": "add_userproperty", "name": "Can add user property", "content_type": 11}}, {"pk": 32, "model": "auth.permission", "fields": {"codename": "change_userproperty", "name": "Can change user property", "content_type": 11}}, {"pk": 33, "model": "auth.permission", "fields": {"codename": "delete_userproperty", "name": "Can delete user property", "content_type": 11}}, {"pk": 37, "model": "auth.permission", "fields": {"codename": "add_validationhash", "name": "Can add validation hash", "content_type": 13}}, {"pk": 38, "model": "auth.permission", "fields": {"codename": "change_validationhash", "name": "Can change validation hash", "content_type": 13}}, {"pk": 39, "model": "auth.permission", "fields": {"codename": "delete_validationhash", "name": "Can delete validation hash", "content_type": 13}}, {"pk": 100, "model": "auth.permission", "fields": {"codename": "add_vote", "name": "Can add vote", "content_type": 31}}, {"pk": 101, "model": "auth.permission", "fields": {"codename": "change_vote", "name": "Can change vote", "content_type": 31}}, {"pk": 102, "model": "auth.permission", "fields": {"codename": "delete_vote", "name": "Can delete vote", "content_type": 31}}, {"pk": 16, "model": "auth.permission", "fields": {"codename": "add_session", "name": "Can add session", "content_type": 6}}, {"pk": 17, "model": "auth.permission", "fields": {"codename": "change_session", "name": "Can change session", "content_type": 6}}, {"pk": 18, "model": "auth.permission", "fields": {"codename": "delete_session", "name": "Can delete session", "content_type": 6}}, {"pk": 19, "model": "auth.permission", "fields": {"codename": "add_site", "name": "Can add site", "content_type": 7}}, {"pk": 20, "model": "auth.permission", "fields": {"codename": "change_site", "name": "Can change site", "content_type": 7}}, {"pk": 21, "model": "auth.permission", "fields": {"codename": "delete_site", "name": "Can delete site", "content_type": 7}}, {"pk": 1, "model": "auth.user", "fields": {"username": "vrouesnel", "first_name": "", "last_name": "", "is_active": true, "is_superuser": true, "is_staff": true, "last_login": "2011-01-08 19:02:37", "groups": [], "user_permissions": [], "password": "sha1$0f1cf$01ff821d8b0b1f20e1251f48d3b7994e5c111e85", "email": "vrouesnel@gmail.com", "date_joined": "2011-01-08 19:02:36"}}, {"pk": 2, "model": "auth.user", "fields": {"username": "amayhew", "first_name": "", "last_name": "", "is_active": true, "is_superuser": false, "is_staff": false, "last_login": "2011-01-08 19:03:29", "groups": [], "user_permissions": [], "password": "sha1$c6304$bbbc531bc10861697c44d9dff66d03471cba92cc", "email": "alexandra.mayhew@gmail.com", "date_joined": "2011-01-08 19:03:29"}}, {"pk": 1, "model": "forum.user", "fields": {"website": "", "about": "", "is_approved": false, "gold": 0, "email_isvalid": false, "real_name": "", "date_of_birth": null, "reputation": 1, "location": "", "groups": [], "user_permissions": [], "silver": 0, "bronze": 0, "last_seen": "2011-01-08 19:02:36"}}, {"pk": 2, "model": "forum.user", "fields": {"website": "", "about": "", "is_approved": false, "gold": 0, "email_isvalid": false, "real_name": "", "date_of_birth": null, "reputation": 1, "location": "", "groups": [], "user_permissions": [], "silver": 0, "bronze": 0, "last_seen": "2011-01-08 19:03:29"}}]
